Workbook

Sheet Duomenys metiniai bakalaurui
A1: Metai | B1: Gimusių kūdikių sk. | C1: Mirusių sk. | D1: Amžiaus koeficientas (viso) | E1: Senatvės koeficientas (viso) | F1: Senatvės koeficientas vyrai | G1: Senatvės koeficientas moterys | H1: Gyventojų tankis | I1: Vidutinis gyventojų sk. | J1: Gyventojų kaita | K1: Atvykusieji ir imigrantai | L1: Išvykusieji ir emigrantai | M1: Neto migracija | N1: Skurdo rizikos lygis | O1: Bruto vidutinis atlyginimas | P1: BVP vienam gyventojui
A2: 2025 | B2: 4421 | C2: 5739 | D2: 51 | E2: 107 | F2: 71 | G2: 144 | H2: 1517.5 | I2: 612825 | J2: -1318 | K2: 33728 | L2: 22093 | M2: 11635 | N2: 11.5 | O2: =AVERAGE('Bruto viesasis sektorius'!C2:E2) -> 2386.9 | P2: 7291.85
A3: 2024 | B3: 4779 | C3: 5776 | D3: 52 | E3: 101 | F3: 68 | G3: 137 | H3: 1506 | I3: 605037 | J3: -997 | K3: 26136 | L3: 19880 | M3: 6256 | N3: 10.9 | O3: =AVERAGE('Bruto viesasis sektorius'!C3:E3) -> 2188.8 | P3: 6837.625
A4: 2023 | B4: 5087 | C4: 5541 | D4: 53 | E4: 97 | F4: 65 | G4: 131 | H4: 1463.4 | I4: 594622 | J4: -454 | K4: 31621 | L4: 15628 | M4: 15993 | N4: 13 | O4: =AVERAGE('Bruto viesasis sektorius'!C4:E4) -> 1909.8333 | P4: 6470
A5: 2022 | B5: 5543 | C5: 6371 | D5: 54 | E5: 98 | F5: 66 | G5: 133 | H5: 1404 | I5: 574924 | J5: -828 | K5: 41867 | L5: 16231 | M5: 25636 | N5: 13.9 | O5: =AVERAGE('Bruto viesasis sektorius'!C5:E5) -> 1705.2333 | P5: 5922.475
A6: 2021 | B6: 6039 | C6: 7333 | D6: 54 | E6: 99 | F6: 66 | G6: 134 | H6: 1387.8 | I6: 559751 | J6: -1294 | K6: 21095 | L6: 13279 | M6: 7816 | N6: 11.5 | O6: =AVERAGE('Bruto viesasis sektorius'!C6:E6) -> 1544.5 | P6: 5048.2
A7: 2020 | B7: 5720 | C7: 6419 | D7: 52 | E7: 99 | F7: 64 | G7: 137 | H7: 1372.5 | I7: 553424 | J7: -699 | K7: 21517 | L7: 14685 | M7: 6832 | N7: 14.7 | O7: =AVERAGE('Bruto viesasis sektorius'!C7:E7) -> 1443.7 | P7: 4471.375
A8: 2019 | B8: 6019 | C8: 5612 | D8: 50 | E8: 99 | F8: 64 | G8: 136 | H8: 1356.2 | I8: 547095 | J8: 407 | K8: 22673 | L8: 16555 | M8: 6118 | N8: 13.4 | O8: =AVERAGE('Bruto viesasis sektorius'!C8:E8) -> 1272.1333 | P8: 4379.025
A9: 2018 | B9: 6613 | C9: 5723 | D9: 50 | E9: 99 | F9: 64 | G9: 137 | H9: 1348.2 | I9: 542228 | J9: 890 | K9: 19545 | L9: 17226 | M9: 2319 | N9: 12.6 | O9: =AVERAGE('Bruto viesasis sektorius'!C9:E9) -> 890.73333 | P9: 4074.5
A10: 2017 | B10: 6676 | C10: 5692 | D10: 49 | E10: 100 | F10: 65 | G10: 137 | H10: 1343.5 | I10: 539674 | J10: 984 | K10: 18626 | L10: 17711 | M10: 915 | N10: 9.7 | O10: =AVERAGE('Bruto viesasis sektorius'!C10:E10) -> 794.33333 | P10: 3878.075
A11: 2016 | B11: 6998 | C11: 5954 | D11: 48 | E11: 101 | F11: 65 | G11: 138 | H11: 1339.8 | I11: 537983 | J11: 1044 | K11: 18778 | L11: 18339 | M11: 439 | N11: 9 | O11: =AVERAGE('Bruto viesasis sektorius'!C11:E11) -> 741.26667 | P11: 3373
A12: 2015 | B12: 6822 | C12: 5890 | D12: 46 | E12: 101 | F12: 66 | G12: 139 | H12: 1342.4 | I12: 537094 | J12: 932 | K12: 17042 | L12: 17680 | M12: -638 | N12: 14.2 | O12: =AVERAGE('Bruto viesasis sektorius'!C12:E12) -> 694.76667 | P12: 3215.35
A13: 2014 | B13: 6607 | C13: 5841 | D13: 45 | E13: 101 | F13: 66 | G13: 138 | H13: 1335.1 | I13: 536155 | J13: 766 | K13: 16868 | L13: 16049 | M13: 819 | N13: 12.4 | O13: =AVERAGE('Bruto viesasis sektorius'!C13:E13) -> 666.3 | P13: 3099
... A17: 2010 | B17: 6681 | C17: 5648 | D17: 41 | E17: 105 | F17: 70 | G17: 143 | H17: 1354.6 | I17: 539659 | J17: 1033 | K17: 7687 | L17: 15784 | M17: -8097 | N17: 15.1 | O17: =AVERAGE('Bruto viesasis sektorius'!C17:E17) -> 592.53333 | P17: 2232.875
A18: 2009 | B18: 6527 | C18: 5761 | D18: 41 | E18: 106 | F18: 70 | G18: 143 | H18: 1354 | I18: 543080 | J18: 766 | K18: 8215 | L18: 8759 | M18: -544 | P18: 2132
A19: 2008 | B19: 6177 | C19: 5917 | D19: 41 | E19: 105 | F19: 70 | G19: 141 | H19: 1350.6 | I19: 542283 | J19: 260 | K19: 9438 | L19: 8325 | M19: 1113 | P19: 2554.775
A20: 2007 | B20: 5634 | C20: 6166 | D20: 40 | E20: 101 | F20: 68 | G20: 136 | H20: 1351 | I20: 541664 | J20: -532 | K20: 8842 | L20: 8446 | M20: 396 | P20: 2246.35
A21: 2006 | B21: 5407 | C21: 6072 | D21: 40 | E21: 97 | F21: 65 | G21: 131 | H21: 1352.9 | I21: 542129 | J21: -665 | K21: 8023 | L21: 8151 | M21: -128 | P21: 1834.875
A22: 2005 | B22: 5011 | C22: 5515 | D22: 40 | E22: 92 | F22: 62 | G22: 123 | H22: 1363.5 | I22: 544649 | J22: -504 | K22: 8116 | L22: 11860 | M22: -3744 | P22: 1579.075
A23: 2004 | B23: 4817 | C23: 5177 | D23: 39 | E23: 86 | F23: 58 | G23: 116 | H23: 1368.4 | I23: 547751 | J23: -360 | K23: 8905 | L23: 10501 | M23: -1596 | P23: 1355.675
A24: 2003 | B24: 4636 | C24: 5367 | D24: 39 | E24: 79 | F24: 54 | G24: 106 | H24: 1372.1 | I24: 549471 | J24: -731 | K24: 9102 | L24: 9855 | M24: -753 | P24: 1220.6
A25: 2002 | B25: 4506 | C25: 5140 | D25: 40 | E25: 73 | F25: 50 | G25: 97 | H25: 1373.9 | I25: 550568 | J25: -634 | K25: 5823 | L25: 5900 | M25: -77 | P25: 1104.125
A26: 2001 | B26: 4449 | C26: 5045 | D26: 40 | E26: 67 | F26: 45 | G26: 89 | H26: 1382.2 | I26: 552603 | J26: -596 | K26: 4909 | L26: 7670 | M26: -2761 | P26: 1023.1
A27: 2000 | B27: 4789 | C27: 4844 | I27: 556549 | J27: -55 | K27: 3713 | L27: 8193 | M27: -4480 | P27: 955.95
A28: 1999 | B28: 5092 | C28: 4869 | I28: 560585 | J28: 223 | K28: 5265 | L28: 9025 | M28: -3760 | P28: 905.825
A29: 1998 | B29: 5011 | C29: 4976 | I29: 564117 | J29: 35 | K29: 6420 | L29: 9983 | M29: -3563 | P29: 921.2
A30: 1997 | B30: 4979 | C30: 5168 | I30: 568523 | J30: -189 | K30: 7301 | L30: 12395 | M30: -5094 | P30: 823.725
A31: 1996 | B31: 5061 | C31: 5359 | I31: 574746 | J31: -298 | K31: 6555 | L31: 13420 | M31: -6865 | P31: 677.9
A32: 1995 | B32: 5757 | C32: 5708 | J32: 49 | K32: 7329 | L32: 13222 | M32: -5893 | P32: 538.3
A33: 1994 | B33: 5878 | C33: 5858 | J33: 20 | K33: 6059 | L33: 13024 | M33: -6965

Sheet Bruto viesasis sektorius
C1: Pirmas kvartilis | D1: Antras kvartilis | E1: Trečias kvartilis | F1: metiniai
A2: Bruto darbo užmokestis (mėnesinis, kvartiliai) spalio mėn. (darbuotojų, dirbusių visą darbo laiką) | EUR | B2: 2025 | C2: 1689.8 | D2: 2352.9 | E2: 3118 | F2: =AVERAGE(C2:E2) -> 2386.9
B3: 2024 | C3: 1555.9 | D3: 2158.5 | E3: 2852 | F3: =AVERAGE(C3:E3) -> 2188.8
B4: 2023 | C4: 1392 | D4: 1874.9 | E4: 2462.6 | F4: =AVERAGE(C4:E4) -> 1909.8333
B5: 2022 | C5: 1249.5 | D5: 1677.9 | E5: 2188.3 | F5: =AVERAGE(C5:E5) -> 1705.2333
B6: 2021 | C6: 1124.5 | D6: 1519.7 | E6: 1989.3 | F6: =AVERAGE(C6:E6) -> 1544.5
B7: 2020 | C7: 1043.9 | D7: 1428.2 | E7: 1859 | F7: =AVERAGE(C7:E7) -> 1443.7
B8: 2019 | C8: 905.6 | D8: 1260.5 | E8: 1650.3 | F8: =AVERAGE(C8:E8) -> 1272.1333
B9: 2018 | C9: 632.8 | D9: 879.3 | E9: 1160.1 | F9: =AVERAGE(C9:E9) -> 890.73333
B10: 2017 | C10: 567.4 | D10: 781.3 | E10: 1034.3 | F10: =AVERAGE(C10:E10) -> 794.33333
B11: 2016 | C11: 528.9 | D11: 726.3 | E11: 968.6 | F11: =AVERAGE(C11:E11) -> 741.26667
B12: 2015 | C12: 476.8 | D12: 684 | E12: 923.5 | F12: =AVERAGE(C12:E12) -> 694.76667
B13: 2014 | C13: 449.6 | D13: 654.1 | E13: 895.2 | F13: =AVERAGE(C13:E13) -> 666.3
B14: 2013 | C14: 428.1 | D14: 630.8 | E14: 866 | F14: =AVERAGE(C14:E14) -> 641.63333
... B17: 2010 | C17: 375.3 | D17: 583.3 | E17: 819 | F17: =AVERAGE(C17:E17) -> 592.53333

Sheet Duomenys metiniai
A1: Metai | B1: Gimusių kūdikių sk. | C1: Mirusių sk. | D1: Nuolatinių gyventojų sk. | E1: Amžiaus koeficientas (viso) | F1: Senatvės koeficientas (viso) | G1: Senatvės koeficientas vyrai | H1: Senatvės koeficientas moterys | I1: Gyventojų tankis | J1: Vidutinis gyventojų sk. | K1: Gyventojų kaita | L1: Gimstamumo rodiklis | M1: Atvykusieji ir imigrantai | N1: Išvykusieji ir emigrantai | O1: Neto migracija | P1: Užimtumo lygis bendras | Q1: Užimtumo lygis vyrai | R1: Užimtumo lygis moterys | S1: Skurdo rizikos lygis | T1: Bruto vidutinis atlyginimas | U1: BVP vienam gyventojui
A2: 2025 | B2: 4421 | C2: 5739 | D2: 607667 | E2: 51 | F2: 107 | G2: 71 | H2: 144 | I2: 1517.5 | J2: 612825 | K2: -1318 | L2: 7.3 | M2: 33728 | N2: 22093 | O2: 11635 | P2: 0 | Q2: 0 | R2: 0 | S2: 11.5 | T2: 2710.7667 | U2: 41.5
A3: 2024 | B3: 4779 | C3: 5776 | D3: 602408 | E3: 52 | F3: 101 | G3: 68 | H3: 137 | I3: 1506 | J3: 605037 | K3: -997 | L3: 7.9 | M3: 26136 | N3: 19880 | O3: 6256 | P3: 80.3 | Q3: 79.5 | R3: 81.2 | S3: 10.9 | T3: 2537.025 | U3: 39.4
A4: 2023 | B4: 5087 | C4: 5541 | D4: 586836 | E4: 53 | F4: 97 | G4: 65 | H4: 131 | I4: 1463.4 | J4: 594622 | K4: -454 | L4: 8.6 | M4: 31621 | N4: 15628 | O4: 15993 | P4: 82.6 | Q4: 82.7 | R4: 82.5 | S4: 13 | T4: 2309.475 | U4: 35.3
A5: 2022 | B5: 5543 | C5: 6371 | D5: 563012 | E5: 54 | F5: 98 | G5: 66 | H5: 133 | I5: 1404 | J5: 574924 | K5: -828 | L5: 9.6 | M5: 41867 | N5: 16231 | O5: 25636 | P5: 83 | Q5: 82 | R5: 83.8 | S5: 13.9 | T5: 2068.225 | U5: 30.1
A6: 2021 | B6: 6039 | C6: 7333 | D6: 556490 | E6: 54 | F6: 99 | G6: 66 | H6: 134 | I6: 1387.8 | J6: 559751 | K6: -1294 | L6: 10.8 | M6: 21095 | N6: 13279 | O6: 7816 | P6: 82.6 | Q6: 82.5 | R6: 82.7 | S6: 11.5 | T6: 1817.925 | U6: 26.5
A7: 2020 | B7: 5720 | C7: 6419 | D7: 550357 | E7: 52 | F7: 99 | G7: 64 | H7: 137 | I7: 1372.5 | J7: 553424 | K7: -699 | L7: 10.3 | M7: 21517 | N7: 14685 | O7: 6832 | P7: 81.4 | Q7: 81 | R7: 81.8 | S7: 14.7 | T7: 1644.875 | U7: 26.1
A8: 2019 | B8: 6019 | C8: 5612 | D8: 543832 | E8: 50 | F8: 99 | G8: 64 | H8: 136 | I8: 1356.2 | J8: 547095 | K8: 407 | L8: 11 | M8: 22673 | N8: 16555 | O8: 6118 | P8: 82.5 | Q8: 83.2 | R8: 81.8 | S8: 13.4 | T8: 1501.1 | U8: 24
A9: 2018 | B9: 6613 | C9: 5723 | D9: 540623 | E9: 50 | F9: 99 | G9: 64 | H9: 137 | I9: 1348.2 | J9: 542228 | K9: 890 | L9: 12.2 | M9: 19545 | N9: 17226 | O9: 2319 | P9: 81.2 | Q9: 80.7 | R9: 81.7 | S9: 12.6 | T9: 1069.6 | U9: 21.6
A10: 2017 | B10: 6676 | C10: 5692 | D10: 538724 | E10: 49 | F10: 100 | G10: 65 | H10: 137 | I10: 1343.5 | J10: 539674 | K10: 984 | L10: 12.4 | M10: 18626 | N10: 17711 | O10: 915 | P10: 80 | Q10: 78.8 | R10: 81.1 | S10: 9.7 | T10: 966.875 | U10: 19.8
A11: 2016 | B11: 6998 | C11: 5954 | D11: 537241 | E11: 48 | F11: 101 | G11: 65 | H11: 138 | I11: 1339.8 | J11: 537983 | K11: 1044 | L11: 13 | M11: 18778 | N11: 18339 | O11: 439 | P11: 77.6 | Q11: 77.9 | R11: 77.5 | S11: 9 | T11: 885.625 | U11: 18.9
A12: 2015 | B12: 6822 | C12: 5890 | D12: 536947 | E12: 46 | F12: 101 | G12: 66 | H12: 139 | I12: 1342.4 | J12: 537094 | K12: 932 | L12: 12.7 | M12: 17042 | N12: 17680 | O12: -638 | P12: 74.1 | Q12: 73.8 | R12: 74.3 | S12: 14.2 | T12: 823.3 | U12: 18.2
A13: 2014 | B13: 6607 | C13: 5841 | D13: 535362 | E13: 45 | F13: 101 | G13: 66 | H13: 138 | I13: 1335.1 | J13: 536155 | K13: 766 | L13: 12.3 | M13: 16868 | N13: 16049 | O13: 819 | P13: 73.9 | Q13: 74 | R13: 73.7 | S13: 12.4 | T13: 794.45 | U13: 17.1
... A17: 2010 | B17: 6681 | C17: 5648 | D17: 543191 | E17: 41 | F17: 105 | G17: 70 | H17: 143 | I17: 1354.6 | J17: 539659 | K17: 1033 | L17: 12.4 | M17: 7687 | N17: 15784 | O17: -8097 | P17: 67.1 | Q17: 64.3 | R17: 69.4 | S17: 15.1 | T17: 689.075 | U17: 12.6
A18: 2009 | B18: 6527 | C18: 5761 | D18: 542969 | E18: 41 | F18: 106 | G18: 70 | H18: 143 | I18: 1354 | J18: 543080 | K18: 766 | L18: 12 | M18: 8215 | N18: 8759 | O18: -544 | P18: 67.2 | Q18: 65.2 | R18: 68.9 | T18: 707.125 | U18: 15.3
A19: 2008 | B19: 6177 | C19: 5917 | D19: 541596 | E19: 41 | F19: 105 | G19: 70 | H19: 141 | I19: 1350.6 | J19: 542283 | K19: 260 | L19: 11.4 | M19: 9438 | N19: 8325 | O19: 1113 | P19: 70.7 | Q19: 71.5 | R19: 70 | U19: 13.8
A20: 2007 | B20: 5634 | C20: 6166 | D20: 541732 | E20: 40 | F20: 101 | G20: 68 | H20: 136 | I20: 1351 | J20: 541664 | K20: -532 | L20: 10.4 | M20: 8842 | N20: 8446 | O20: 396 | P20: 70.2 | Q20: 73 | R20: 67.9 | U20: 11.1
A21: 2006 | B21: 5407 | C21: 6072 | D21: 542525 | E21: 40 | F21: 97 | G21: 65 | H21: 131 | I21: 1352.9 | J21: 542129 | K21: -665 | L21: 10 | M21: 8023 | N21: 8151 | O21: -128 | P21: 70.1 | Q21: 72.5 | R21: 68.2 | U21: 9.3
A22: 2005 | B22: 5011 | C22: 5515 | D22: 546773 | E22: 40 | F22: 92 | G22: 62 | H22: 123 | I22: 1363.5 | J22: 544649 | K22: -504 | L22: 9.2 | M22: 8116 | N22: 11860 | O22: -3744 | P22: 68.9 | Q22: 72.7 | R22: 65.5 | U22: 7.9
A23: 2004 | B23: 4817 | C23: 5177 | D23: 548729 | E23: 39 | F23: 86 | G23: 58 | H23: 116 | I23: 1368.4 | J23: 547751 | K23: -360 | L23: 8.8 | M23: 8905 | N23: 10501 | O23: -1596 | P23: 66.4 | Q23: 70.7 | R23: 62.8 | U23: 7.1
A24: 2003 | B24: 4636 | C24: 5367 | D24: 550213 | E24: 39 | F24: 79 | G24: 54 | H24: 106 | I24: 1372.1 | J24: 549471 | K24: -731 | L24: 8.4 | M24: 9102 | N24: 9855 | O24: -753 | U24: 6.5
A25: 2002 | B25: 4506 | C25: 5140 | D25: 550924 | E25: 40 | F25: 73 | G25: 50 | H25: 97 | I25: 1373.9 | J25: 550568 | K25: -634 | L25: 8.2 | M25: 5823 | N25: 5900 | O25: -77 | U25: 5.7
A26: 2001 | B26: 4449 | C26: 5045 | D26: 554281 | E26: 40 | F26: 67 | G26: 45 | H26: 89 | I26: 1382.2 | J26: 552603 | K26: -596 | L26: 8.1 | M26: 4909 | N26: 7670 | O26: -2761 | U26: 5.3
A27: 2000 | D27: 558816 | J27: 556549 | K27: -55 | L27: 8.6 | M27: 3713 | N27: 8193 | O27: -4480
A28: 1999 | D28: 562353 | J28: 560585 | K28: 223 | L28: 9.1 | M28: 5265 | N28: 9025 | O28: -3760
A29: 1998 | D29: 565881 | J29: 564117 | K29: 35 | L29: 8.9 | M29: 6420 | N29: 9983 | O29: -3563
A30: 1997 | D30: 571164 | J30: 568523 | K30: -189 | L30: 8.8 | M30: 7301 | N30: 12395 | O30: -5094
A31: 1996 | D31: 578327 | J31: 574746 | K31: -298 | L31: 8.8 | M31: 6555 | N31: 13420 | O31: -6865
A32: 1995 | K32: 49 | L32: 9.9 | M32: 7329 | N32: 13222 | O32: -5893
A33: 1994 | K33: 20 | L33: 10 | M33: 6059 | N33: 13024 | O33: -6965

Sheet Amžiaus koeficientas
A1: Metai | B1: Iš viso | C1: Iki 14 metų | D1: 65 ir vyresni
A2: 2025 | B2: 51 | C2: 25 | D2: 27
A3: 2024 | B3: 52 | C3: 26 | D3: 26
A4: 2023 | B4: 53 | C4: 26.8 | D4: 26.1
A5: 2022 | B5: 54 | C5: 27 | D5: 27
A6: 2021 | B6: 54 | C6: 27 | D6: 27
A7: 2020 | B7: 52 | C7: 26 | D7: 26
A8: 2019 | B8: 50 | C8: 25 | D8: 25
A9: 2018 | B9: 50 | C9: 25 | D9: 25
A10: 2017 | B10: 49 | C10: 24 | D10: 25
A11: 2016 | B11: 48 | C11: 24 | D11: 24
A12: 2015 | B12: 46 | C12: 23 | D12: 23
A13: 2014 | B13: 45 | C13: 22 | D13: 23
... A26: 2001 | B26: 40 | C26: 24 | D26: 16

Sheet Autobusai
A1: route_short_name | B1: Max keleivių sk. | C1: Y | D1: X | E1: Stotelė
A2: 5G | B2: 675 | C2: 54.72728 | D2: 25.31552 | E2: Lizdeikos st.
A3: 3G | B3: 272 | C3: 54.64221 | D3: 25.27783 | E3: Rodunios kelias
A4: 3G | B4: 272 | C4: 54.65148 | D4: 25.27186 | E4: Eišiškių plentas
A5: 3G | B5: 272 | C5: 54.64755 | D5: 25.27318 | E5: Dariaus ir Girėno st.
A6: 10 | B6: 180 | C6: 54.73531 | D6: 25.25976 | E6: Mykolo Romerio universitetas
A7: 10 | B7: 180 | C7: 54.73376 | D7: 25.25421 | E7: Liudo Giros st.
A8: 10 | B8: 180 | C8: 54.73156 | D8: 25.24893 | E8: Antano Jonyno st.
A9: 10 | B9: 180 | C9: 54.7316 | D9: 25.24446 | E9: Kaimelio žiedas
A10: 10 | B10: 180 | C10: 54.73066 | D10: 25.24621 | E10: Kaimelio st.
A11: 1G | B11: 138 | C11: 54.69931 | D11: 25.28249 | E11: Kalvarijų turgus
A12: 6G | B12: 137 | C12: 54.68331 | D12: 25.31286 | E12: Polocko st.
A13: 46 | B13: 133 | C13: 54.72773 | D13: 25.23387 | E13: Pašilaičių žiedas
A14: 46 | B14: 133 | C14: 54.71322 | D14: 25.23789 | E14: Buivydiškių st.
A15: 46 | B15: 133 | C15: 54.71575 | D15: 25.23211 | E15: Rygos st.
A16: 46 | B16: 133 | C16: 54.71893 | D16: 25.232 | E16: Čiobiškio st.
A17: 46 | B17: 133 | C17: 54.72281 | D17: 25.23343 | E17: Vilniaus rajono poliklinika
A18: 46 | B18: 133 | C18: 54.72576 | D18: 25.23344 | E18: Žemynos st.
A19: 46 | B19: 133 | C19: 54.72918 | D19: 25.23568 | E19: Juliaus Juzeliūno st.
A20: 46 | B20: 133 | C20: 54.73141 | D20: 25.23164 | E20: Pašilaičiai
A21: 46 | B21: 133 | C21: 54.7314 | D21: 25.22632 | E21: Gabijos st.
A22: 53 | B22: 133 | C22: 54.71448 | D22: 25.28664 | E22: Pramogų arena
A23: 4G | B23: 130 | C23: 54.70753 | D23: 25.18781 | E23: Papilėnų st.
A24: 2G | B24: 129 | C24: 54.67891 | D24: 25.21331 | E24: Lazdynai
A25: 24 | B25: 124 | C25: 54.70963 | D25: 25.25157 | E25: Šeškinė
A26: "36" | B26: 119
A27: "7" | B27: 119
A28: "31" | B28: 115
A29: "12" | B29: 109
A30: "21" | B30: 107
A31: "66" | B31: 104
A32: "T2" | B32: 104
A33: "55" | B33: 100
A34: "56" | B34: 100
A35: "22" | B35: 94
A36: "63" | B36: 93
A37: "29" | B37: 92
... A125: "86" | B125: 24

Sheet Autobusu keleiviai
A1: route_short_name | B1: Valanda | C1: Max keleivių sk.
A2: "1" | B2: 1 | C2: 0
A3: "1" | B3: 2 | C3: 0
A4: "1" | B4: 3 | C4: 2
A5: "1" | B5: 4 | C5: 7
A6: "1" | B6: 5 | C6: 14
A7: "1" | B7: 6 | C7: 22
A8: "1" | B8: 7 | C8: 29
A9: "1" | B9: 8 | C9: 27
A10: "1" | B10: 9 | C10: 36
A11: "1" | B11: 10 | C11: 41
A12: "1" | B12: 11 | C12: 39
A13: "1" | B13: 12 | C13: 38
... A2617: "N4" | B2617: 24 | C2617: 0

Sheet Mokinių sk.
A1: Klasė | B1: 2008-2009 | C1: 2009-2010 | D1: 2010-2011 | E1: 2011-2012 | F1: 2012-2013 | G1: 2013-2014 | H1: 2014-2015 | I1: 2015-2016 | J1: 2016-2017 | K1: 2017-2018 | L1: 2018-2019 | M1: 2019-2020 | N1: 2020-2021 | O1: 2021-2022 | P1: 2022-2023 | Q1: 2023-2024 | R1: 2024-2025 | T1: Pradzia | U1: Pabaiga | V1: 1-oje klaseje mokesi | W1: 12-oje klaseje mokesi | X1: Pokytis
A2: 1 | B2: 4908 | C2: 4820 | D2: 4950 | E2: 5111 | F2: 5463 | G2: 5722 | H2: 6006 | I2: 6653 | J2: 7201 | K2: 7374 | L2: 7055 | M2: 7195 | N2: 6846 | O2: 7288 | P2: 7737 | Q2: 8046 | R2: 7450 | T2: 2008-2009 | U2: 2019-2020 | V2: 4908 | W2: 4577 | X2: =1-(V2/W2) -> -0.072318112
A3: 2 | B3: 5141 | C3: 4863 | D3: 4757 | E3: 4922 | F3: 5082 | G3: 5428 | H3: 5699 | I3: 5918 | J3: 6636 | K3: 7168 | L3: 7298 | M3: 6936 | N3: 7050 | O3: 6810 | P3: 7565 | Q3: 7698 | R3: 7817 | T3: 2009-2010 | U3: 2020-2021 | V3: 4820 | W3: 4624 | X3: =1-(V3/W3) -> -0.042387543
A4: 3 | B4: 5382 | C4: 5126 | D4: 4820 | E4: 4736 | F4: 4924 | G4: 5093 | H4: 5402 | I4: 5665 | J4: 5927 | K4: 6650 | L4: 7099 | M4: 7252 | N4: 6970 | O4: 7124 | P4: 7168 | Q4: 7539 | R4: 7739 | T4: 2010-2011 | U4: 2021-2022 | V4: 4950 | W4: 4851 | X4: =1-(V4/W4) -> -0.020408163
A5: 4 | B5: 5434 | C5: 5395 | D5: 5093 | E5: 4800 | F5: 4725 | G5: 4873 | H5: 5095 | I5: 5338 | J5: 5628 | K5: 5911 | L5: 6581 | M5: 7131 | N5: 7273 | O5: 6976 | P5: 7471 | Q5: 7161 | R5: 7616 | T5: 2011-2012 | U5: 2022-2023 | V5: 5111 | W5: 4821 | X5: =1-(V5/W5) -> -0.060153495
A6: 5 | B6: 5169 | C6: 5450 | D6: 5453 | E6: 5270 | F6: 4964 | G6: 4899 | H6: 5064 | I6: 5243 | J6: 5513 | K6: 5765 | L6: 5990 | M6: 6762 | N6: 7229 | O6: 7353 | P6: 7452 | Q6: 7735 | R6: 7432 | T6: 2012-2013 | U6: 2023-2024 | V6: 5463 | W6: 5152 | X6: =1-(V6/W6) -> -0.060364907
A7: 6 | B7: 5648 | C7: 5231 | D7: 5499 | E7: 5525 | F7: 5225 | G7: 4907 | H7: 4864 | I7: 5083 | J7: 5192 | K7: 5484 | L7: 5752 | M7: 5979 | N7: 6683 | O7: 7200 | P7: 7747 | Q7: 7504 | R7: 7644 | T7: 2013-2014 | U7: 2024-2025 | V7: 5722 | W7: 5201 | X7: =1-(V7/W7) -> -0.10017304
A8: 7 | B8: 6009 | C8: 5711 | D8: 5257 | E8: 5508 | F8: 5487 | G8: 5202 | H8: 4925 | I8: 4801 | J8: 5006 | K8: 5164 | L8: 5432 | M8: 5682 | N8: 5936 | O8: 6738 | P8: 7522 | Q8: 7787 | R8: 7505 | T8: Vidutinis pokytis: | X8: =AVERAGE(X2:X7) -> -0.059300877
A9: 8 | B9: 5920 | C9: 6104 | D9: 5688 | E9: 5258 | F9: 5487 | G9: 5405 | H9: 5133 | I9: 4869 | J9: 4768 | K9: 4937 | L9: 5085 | M9: 5457 | N9: 5690 | O9: 5900 | P9: 6946 | Q9: 7502 | R9: 7771
A10: 9 | B10: 6766 | C10: 6130 | D10: 6305 | E10: 6067 | F10: 5397 | G10: 5598 | H10: 5486 | I10: 5150 | J10: 4940 | K10: 4807 | L10: 5001 | M10: 5172 | N10: 5551 | O10: 5811 | P10: 6374 | Q10: 7150 | R10: 7679
A11: 10 | B11: 7316 | C11: 6845 | D11: 6151 | E11: 6157 | F11: 5844 | G11: 5402 | H11: 5517 | I11: 5424 | J11: 5131 | K11: 4878 | L11: 4759 | M11: 5039 | N11: 5185 | O11: 5656 | P11: 6164 | Q11: 6623 | R11: 7230
A12: 11 | B12: 7442 | C12: 7062 | D12: 6360 | E12: 5813 | F12: 6048 | G12: 5682 | H12: 5143 | I12: 5238 | J12: 5102 | K12: 4853 | L12: 4572 | M12: 4494 | N12: 4749 | O12: 4691 | P12: 5050 | Q12: 5205 | R12: 5765
A13: 12 | B13: 7182 | C13: 7153 | D13: 6852 | E13: 6387 | F13: 5870 | G13: 5809 | H13: 5615 | I13: 5051 | J13: 5136 | K13: 5005 | L13: 4793 | M13: 4577 | N13: 4624 | O13: 4851 | P13: 4821 | Q13: 5152 | R13: 5201

Sheet Pirmokų amžius
A1: Mokslo metai | B1: Amžius | D1: 6m. Vaikų dalis
B2: 6 | C2: 7 | E2: Iš viso
A3: 2025-2026 | B3: 1857 | C3: 28403 | D3: 0.061368143 | E3: 30260
A4: 2024-2025 | B4: 2454 | C4: 29548 | D4: 0.076682707 | E4: 32002
A5: 2023-2024 | B5: 2533 | C5: 30559 | D5: 0.07654418 | E5: 33092
A6: 2022-2023 | B6: 2637 | C6: 30743 | D6: 0.078999401 | E6: 33380
A7: 2021-2022 | B7: 2253 | C7: 28621 | D7: 0.072974023 | E7: 30874
A8: 2020-2021 | B8: 2224 | C8: 27618 | D8: 0.074525836 | E8: 29842
A9: 2019-2020 | B9: 2217 | C9: 28266 | D9: 0.072729062 | E9: 30483
A10: 2018-2019 | B10: 957 | C10: 28354 | D10: 0.032649858 | E10: 29311
A11: 2017-2018 | B11: 858 | C11: 29619 | D11: 0.028152377 | E11: 30477
A12: 2016-2017 | B12: 1079 | C12: 30378 | D12: 0.034300792 | E12: 31457
A13: 2015-2016 | B13: 1219 | C13: 28958 | D13: 0.040395003 | E13: 30177
A14: 2014-2015 | B14: 1350 | C14: 27054 | D14: 0.047528517 | E14: 28404
... A18: 2010-2011 | B18: 1783 | C18: 27380 | D18: 0.061139115 | E18: 29163
A19: Vidurkis | B19: =AVERAGE(B3:B18) -> 1761.8125 | C19: =AVERAGE(C3:C18) -> 28495.25 | D19: 0.058228141 | E19: 30257.062

Sheet Dvyliktoku amžius
A1: Mokslo metai | B1: Amžius | D1: 19m. Vaikų dalis
B2: 18 | C2: 19
A3: 2024-2025 | B3: 19627 | C3: 1075 | D3: =C3/E3 -> 0.05192735 | E3: =SUM(B3:C3) -> 20702
A4: 2023-2024 | B4: 19441 | C4: 1081 | D4: =C4/E4 -> 0.052675178 | E4: =SUM(B4:C4) -> 20522
A5: 2022-2023 | B5: 19412 | C5: 1157 | D5: =C5/E5 -> 0.056249696 | E5: =SUM(B5:C5) -> 20569
A6: 2021-2022 | B6: 19330 | C6: 1159 | D6: =C6/E6 -> 0.056566938 | E6: =SUM(B6:C6) -> 20489
A7: 2020-2021 | B7: 18973 | C7: 1288 | D7: =C7/E7 -> 0.063570406 | E7: =SUM(B7:C7) -> 20261
A8: 2019-2020 | B8: 19400 | C8: 1429 | D8: =C8/E8 -> 0.06860627 | E8: =SUM(B8:C8) -> 20829
A9: 2018-2019 | B9: 20379 | C9: 1521 | D9: =C9/E9 -> 0.069452055 | E9: =SUM(B9:C9) -> 21900
A10: 2017-2018 | B10: 21513 | C10: 1621 | D10: =C10/E10 -> 0.070070027 | E10: =SUM(B10:C10) -> 23134
A11: 2016-2017 | B11: 21728 | C11: 1832 | D11: =C11/E11 -> 0.077758913 | E11: =SUM(B11:C11) -> 23560
A12: 2015-2016 | B12: 21499 | C12: 2224 | D12: =C12/E12 -> 0.093748683 | E12: =SUM(B12:C12) -> 23723
A13: 2014-2015 | B13: 23693 | C13: 2630 | D13: =C13/E13 -> 0.099912624 | E13: =SUM(B13:C13) -> 26323
A14: 2013-2014 | B14: 25637 | C14: 2869 | D14: =C14/E14 -> 0.10064548 | E14: =SUM(B14:C14) -> 28506
... A27: 2000-2001 | B27: 16546 | C27: 3012 | D27: =C27/E27 -> 0.15400348 | E27: =SUM(B27:C27) -> 19558
A28: Vidurkis | B28: =AVERAGE(B3:B27) -> 26028.24 | C28: =AVERAGE(C3:C27) -> 3294.36 | D28: =C28/E28 -> 0.11234884 | E28: =SUM(B28:C28) -> 29322.6

Sheet Patekimas į mokyklas
A1: Įstaiga | B1: Klasė | C1: Kalba | D1: Vietų skaičius | E1: Laisvų vietų skaičius | F1: Pateikta prašymų iš viso | G1: Pateikta | H1: Laukia tėvų patvirtinimo | I1: Atšaukta | J1: Laukiama sutarties pasirašymo | K1: Sutartis pasirašyta | L1: Laukia_pasirašymo+pasirašyta
A2: Vilniaus Pilaitės gimnazija | B2: 9 | C2: lt | D2: 300 | E2: 300 | F2: 287 | G2: 287 | H2: 0 | I2: 0 | J2: 0 | K2: 0 | L2: 0
A3: Vilniaus Pilaitės gimnazija | B3: 10 | C3: lt | D3: 0 | E3: 0 | F3: 6 | G3: 6 | H3: 0 | I3: 0 | J3: 0 | K3: 0 | L3: 0
A4: Vilniaus Pilaitės gimnazija | B4: 11 | C4: lt | D4: 270 | E4: 270 | F4: 95 | G4: 95 | H4: 0 | I4: 0 | J4: 0 | K4: 0 | L4: 0
A5: Vilniaus Pilaitės gimnazija | B5: 12 | C5: lt | D5: 2 | E5: 2 | F5: 1 | G5: 1 | H5: 0 | I5: 0 | J5: 0 | K5: 0 | L5: 0
A6: Vilniaus Žvėryno gimnazija | B6: 5 | C6: lt | D6: 90 | E6: 90 | F6: 90 | G6: 90 | H6: 0 | I6: 0 | J6: 0 | K6: 0 | L6: 0
A7: Vilniaus Žvėryno gimnazija | B7: 6 | C7: lt | D7: 0 | E7: 0 | F7: 3 | G7: 3 | H7: 0 | I7: 0 | J7: 0 | K7: 0 | L7: 0
A8: Vilniaus Žvėryno gimnazija | B8: 7 | C8: lt | D8: 7 | E8: 7 | F8: 1 | G8: 1 | H8: 0 | I8: 0 | J8: 0 | K8: 0 | L8: 0
A9: Vilniaus Žvėryno gimnazija | B9: 8 | C9: lt | D9: 3 | E9: 3 | F9: 3 | G9: 3 | H9: 0 | I9: 0 | J9: 0 | K9: 0 | L9: 0
A10: Vilniaus Žvėryno gimnazija | B10: 9 | C10: lt | D10: 72 | E10: 72 | F10: 109 | G10: 109 | H10: 0 | I10: 0 | J10: 0 | K10: 0 | L10: 0
A11: Vilniaus Žvėryno gimnazija | B11: 10 | C11: lt | D11: 3 | E11: 3 | F11: 8 | G11: 8 | H11: 0 | I11: 0 | J11: 0 | K11: 0 | L11: 0
A12: Vilniaus Žvėryno gimnazija | B12: 11 | C12: lt | D12: 0 | E12: 0 | F12: 63 | G12: 63 | H12: 0 | I12: 0 | J12: 0 | K12: 0 | L12: 0
A13: Vilniaus Žvėryno gimnazija | B13: 12 | C13: lt | D13: 0 | E13: 0 | F13: 0 | G13: 0 | H13: 0 | I13: 0 | J13: 0 | K13: 0 | L13: 0
... A898: Vilniaus "Atgajos" specialioji mokykla (specialioji mokykla) | B898: 11 | C898: lt | D898: 14 | E898: 14 | F898: 8 | G898: 8 | H898: 0 | I898: 0 | J898: 0 | K898: 0 | L898: 0
